date,day_of_week,month,week_of_year,is_weekend,weather_type,holiday,month_period,Beedi,Bite Packet,Boil Egg,Bread,Breakfast,Bulath vita,Buns,Chicken Curry,Cigarette,Coffee,Cream Bun,Dal Curry,Egg Bun,Egg Rotti,Fish Bun,Flat Bread,Halapa,Hoppers,Jam bun,Kahata,Lavariya,Milk Packet,Milk Plain Tea,Milk Toffee,Milo Tea,Pancake,Plain Tea,Roast bread,Rock Cake,Rolls,Roti,Sesame roll,Soft drinks,Soft drinks Cup,Spanchi,String Hoppers,Tea,Ulundu Wade,Vegitable Roti,Wade,Watter Bottle,Yogurt
2025-10-01,Wednesday,10,40,No,Hot,No,start,3,0,0,4.0,12.0,55.0,2,0.0,65.0,0,1,8.0,5,55.0,7,0,5,57.0,0,1.0,3,6,10,0,0,0,117.5,13.0,0,41.0,15.0,7,23.0,5,0,75.0,17.0,44.0,20.0,1,6.0,1
2025-10-02,Thursday,10,40,No,Rainy,No,start,13,1,0,5.0,10.0,22.0,0,2.0,54.0,0,0,4.0,0,59.0,18,0,6,55.0,1,23.0,3,9,0,0,0,0,99.0,16.0,0,44.0,12.0,3,33.0,2,0,55.0,19.0,77.0,13.0,0,4.0,0
2025-10-03,Friday,10,40,No,Cloudy,No,start,19,0,1,1.0,11.0,18.0,1,0.0,57.0,0,0,5.0,0,47.0,6,0,8,44.0,0,28.0,4,8,0,3,9,0,92.0,22.0,0,71.0,10.0,2,44.0,6,1,60.0,18.0,32.0,27.0,0,5.0,0
2025-10-04,Saturday,10,40,Yes,Hot,No,start,21,0,2,2.5,11.0,34.0,0,1.0,58.0,0,1,8.0,0,60.0,24,0,17,44.0,1,24.0,3,10,0,0,2,2,95.0,22.0,0,75.0,20.0,2,27.0,2,2,40.0,23.0,75.0,19.0,0,3.0,0
2025-10-05,Sunday,10,40,Yes,Hot,No,start,5,0,1,4.0,11.0,19.0,7,0.0,62.0,0,9,10.0,0,71.0,19,0,8,34.0,4,19.0,4,21,0,0,2,2,60.0,43.0,0,83.0,6.0,0,37.0,4,0,50.0,39.0,84.0,28.0,0,9.0,0
2025-10-06,Monday,10,41,No,Rainy,No,start,0,0,0,0.0,0.0,0.0,0,0.0,0.0,0,0,0.0,0,0.0,0,0,0,0.0,0,0.0,0,0,0,0,0,0,0.0,0.0,0,0.0,0.0,0,0.0,0,0,0.0,0.0,0.0,0.0,0,0.0,0
2025-10-07,Tuesday,10,41,No,Rainy,No,start,6,0,0,1.5,11.0,6.0,3,2.0,47.0,0,3,6.0,0,54.0,6,0,5,36.0,1,27.0,0,2,0,1,0,0,69.5,9.0,0,70.0,3.0,0,48.0,6,2,80.0,28.0,68.0,25.0,0,6.0,2
2025-10-08,Wednesday,10,41,No,Cloudy,No,start,23,0,0,1.5,10.0,15.0,0,3.0,41.0,0,0,6.0,5,51.0,19,3,6,30.0,4,25.0,4,10,0,0,0,0,87.0,18.0,0,46.0,20.0,0,39.0,1,1,105.0,16.0,50.0,24.0,0,9.0,1
2025-10-09,Thursday,10,41,No,Rainy,No,start,10,0,1,2.0,15.0,25.0,0,3.0,36.0,2,0,9.0,0,53.0,10,4,7,12.0,1,30.0,0,13,0,0,0,0,84.0,22.0,0,38.0,14.0,0,34.0,0,0,140.0,22.0,84.0,31.0,0,5.0,2
2025-10-10,Friday,10,41,No,Cloudy,No,start,7,0,0,1.5,14.0,12.0,0,1.0,37.0,1,0,6.0,0,51.0,16,3,6,27.0,3,26.0,10,12,0,0,5,0,79.0,24.0,0,50.0,20.0,0,32.0,0,6,55.0,22.0,74.0,29.0,0,1.0,0
2025-10-11,Saturday,10,41,Yes,Hot,No,middle,14,0,0,1.0,16.0,27.0,0,2.0,45.0,1,0,5.0,0,79.0,8,0,3,40.0,1,15.0,5,16,0,0,0,1,68.0,8.0,0,70.0,20.0,0,25.0,2,4,55.0,25.0,54.0,19.0,0,3.0,2
2025-10-12,Sunday,10,41,Yes,Hot,No,middle,2,0,0,2.0,13.0,17.0,0,3.0,28.0,0,2,7.0,0,45.0,12,1,1,30.0,0,19.0,13,9,0,4,0,0,62.0,12.0,0,66.0,12.0,2,30.0,2,2,80.0,23.0,51.0,20.0,0,4.0,0
2025-10-13,Monday,10,42,No,Rainy,No,middle,3,0,1,0.75,9.0,17.0,1,2.0,34.0,0,5,4.0,0,42.0,12,2,6,32.0,0,20.0,3,1,0,0,7,0,66.0,14.0,0,50.0,10.0,0,32.0,0,1,90.0,19.0,58.0,21.0,0,5.0,1
2025-10-14,Tuesday,10,42,No,Rainy,No,middle,6,0,0,2.0,13.0,12.0,0,5.0,35.0,0,0,7.0,0,46.0,15,3,8,41.0,2,20.0,3,11,0,1,0,2,61.0,20.0,0,46.0,3.0,0,25.0,1,0,80.0,23.0,42.0,12.0,0,0.0,1
2025-10-15,Wednesday,10,42,No,Cloudy,No,middle,3,0,1,3.0,12.0,14.0,0,5.0,27.0,0,0,7.0,0,48.0,18,8,3,24.0,1,16.0,4,5,0,0,0,0,76.0,18.0,0,63.0,5.0,4,36.0,1,0,60.0,27.0,87.0,18.0,0,4.0,1
2025-10-16,Thursday,10,42,No,Rainy,No,middle,8,0,0,1.0,10.0,18.0,2,6.0,34.0,0,2,5.0,0,43.0,14,2,5,35.0,2,22.0,2,5,0,1,0,1,63.0,12.0,1,61.0,14.0,3,37.0,3,0,90.0,28.0,72.0,16.0,0,4.0,1
2025-10-17,Friday,10,42,No,Cloudy,No,middle,12,0,0,3.5,8.0,15.0,2,3.0,23.0,0,2,9.0,0,45.0,10,0,9,19.0,4,23.0,4,0,0,0,12,0,70.0,17.0,1,54.0,8.0,3,36.0,1,1,60.0,18.0,52.0,24.0,0,4.0,3
2025-10-18,Saturday,10,42,Yes,Hot,No,middle,9,0,3,1.5,10.0,16.0,0,3.0,23.0,0,0,7.0,0,47.0,13,5,7,22.0,3,31.0,5,9,0,3,0,2,61.0,24.0,0,59.0,10.0,2,36.0,4,1,80.0,23.0,64.0,19.0,0,3.0,0
2025-10-19,Sunday,10,42,Yes,Hot,No,middle,3,0,1,1.5,12.0,25.0,0,0.0,33.0,0,0,6.0,0,43.0,4,0,2,13.0,0,14.0,0,11,0,1,0,0,54.0,15.0,0,62.0,12.0,0,30.0,0,0,55.0,19.0,60.0,16.0,0,3.0,0
2025-10-20,Monday,10,43,No,Rainy,No,middle,0,0,0,0.0,0.0,0.0,0,0.0,0.0,0,0,0.0,0,0.0,0,0,0,0.0,0,0.0,0,0,0,0,0,0,0.0,0.0,0,0.0,0.0,0,0.0,0,0,0.0,0.0,0.0,0.0,0,0.0,0
2025-10-21,Tuesday,10,43,No,Rainy,No,end,3,0,0,3.5,10.0,8.0,0,4.0,30.0,0,4,11.0,0,64.0,15,1,11,13.0,5,27.0,0,2,0,2,0,0,86.0,20.0,0,42.0,7.0,0,27.0,0,0,120.0,13.0,54.0,23.0,0,2.0,1
2025-10-22,Wednesday,10,43,No,Cloudy,No,end,13,0,0,2.0,13.0,6.0,0,3.0,29.0,0,0,9.0,0,39.0,12,1,7,18.0,2,24.0,0,11,0,0,0,0,54.0,15.0,0,70.0,16.0,1,27.0,0,0,140.0,17.0,29.0,18.0,0,5.0,2
2025-10-23,Thursday,10,43,No,Rainy,No,end,2,0,0,2.0,10.0,12.0,0,5.0,27.0,2,2,8.0,0,30.0,18,3,4,8.0,1,28.0,0,4,0,0,0,0,72.0,15.0,0,37.0,4.0,3,18.0,0,1,100.0,15.0,64.0,17.0,0,1.0,0
2025-10-24,Friday,10,43,No,Cloudy,No,end,3,0,0,2.0,10.0,16.0,0,3.0,26.0,2,4,44.0,0,39.0,13,0,11,7.0,2,25.0,4,9,0,2,5,0,55.0,11.0,0,57.0,9.0,5,20.0,0,4,20.0,14.0,58.0,11.0,0,1.0,0
2025-10-25,Saturday,10,43,Yes,Hot,No,end,0,0,0,2.0,15.0,23.0,0,6.0,32.0,0,2,7.0,0,45.0,12,1,9,31.0,0,20.0,5,5,0,0,4,0,78.0,20.0,0,48.0,9.0,0,11.0,1,1,100.0,17.0,44.0,12.0,0,2.0,1
2025-10-26,Sunday,10,43,Yes,Hot,No,end,10,0,0,2.0,0.0,4.0,0,2.0,38.0,0,0,4.0,0,53.0,10,2,12,23.0,0,15.0,0,0,0,0,4,0,67.0,16.0,0,79.0,7.0,0,30.0,2,0,20.0,16.0,59.0,12.0,0,9.0,1
2025-10-27,Monday,10,44,No,Rainy,No,end,0,0,0,0.5,9.0,19.0,0,0.0,24.0,2,0,7.0,0,42.0,12,0,6,11.0,1,26.0,4,9,0,25,5,0,61.0,13.0,0,42.0,8.0,0,20.0,0,1,120.0,15.0,63.0,13.0,0,6.0,0
2025-10-28,Tuesday,10,44,No,Rainy,No,end,9,0,0,1.0,8.5,16.0,0,0.0,31.0,2,1,6.0,0,28.0,9,0,1,22.0,3,26.0,8,7,0,2,0,1,66.0,17.0,0,30.0,11.0,0,21.0,0,0,60.0,12.0,41.0,7.0,0,4.0,0
2025-10-29,Wednesday,10,44,No,Cloudy,No,end,2,0,0,3.0,10.0,11.0,0,2.0,29.0,0,3,8.0,0,45.0,15,3,6,14.0,1,19.0,3,3,0,4,0,0,67.0,19.0,0,44.0,6.0,0,20.0,2,0,60.0,16.0,30.0,15.0,0,6.0,0
2025-10-30,Thursday,10,44,No,Rainy,No,end,10,0,1,1.5,8.0,12.0,0,4.0,21.0,0,1,8.0,0,36.0,4,0,7,23.0,2,12.0,3,9,0,2,0,1,63.0,19.0,0,41.0,5.0,0,24.0,2,0,120.0,20.0,41.0,11.0,0,11.0,1
2025-10-31,Friday,10,44,No,Cloudy,No,end,4,0,0,2.5,8.0,8.0,0,1.0,8.0,1,0,6.0,0,18.0,2,0,3,24.0,0,6.0,3,0,0,0,0,0,21.0,0.0,0,16.0,3.0,0,8.0,0,0,40.0,5.0,12.0,6.0,0,1.0,0
2025-11-01,Saturday,11,44,Yes,Rainy,No,start,9,0,3,1.5,10.0,16.0,1,3.0,25.0,0,0,8.0,0,50.0,13,6,7,23.0,3,36.0,5,8,0,3,0,2,70.0,25.0,0,62.0,9.0,3,39.0,4,1,86.0,27.0,65.0,20.0,0,4.0,0
2025-11-02,Sunday,11,44,Yes,Rainy,No,start,2,0,1,1.5,12.5,18.0,0,3.0,29.0,0,2,7.0,0,54.0,13,1,1,31.0,0,19.0,12,10,0,5,0,0,75.5,12.0,0,69.0,13.0,2,35.0,2,2,71.0,26.0,56.0,19.0,0,4.0,0
2025-11-03,Monday,11,45,No,Cloudy,No,start,0,0,0,0.0,0.0,0.0,0,0.0,19.0,0,1,0.0,0,0.0,12,0,0,0.0,0,13.0,3,5,0,0,0,0,0.0,0.0,0,0.0,7.0,0,28.0,0,0,0.0,0.0,0.0,0.0,0,0.0,0
2025-11-04,Tuesday,11,45,No,Rainy,No,start,7,0,0,1.5,16.5,14.0,1,5.0,43.0,0,1,7.0,0,42.0,15,3,7,40.0,2,22.0,3,13,0,1,0,2,66.5,17.0,0,45.0,3.0,0,27.0,1,0,82.0,26.0,50.0,13.0,1,0.0,1
2025-11-05,Wednesday,11,45,No,Cloudy,No,start,3,0,1,3.5,13.5,13.0,0,6.0,24.0,0,0,8.0,0,59.0,17,9,3,28.0,1,16.0,4,6,0,0,0,1,87.5,22.0,0,61.0,5.0,4,47.0,1,1,66.0,27.0,96.0,19.0,0,5.0,1
2025-11-06,Thursday,11,45,No,Hot,No,start,10,0,1,1.5,11.0,21.0,2,6.0,34.0,0,2,5.0,0,54.0,14,2,5,36.0,2,19.0,2,5,0,1,0,1,66.5,12.0,1,61.0,13.0,3,35.0,4,0,102.0,40.0,77.0,19.0,0,4.0,1
2025-11-07,Friday,11,45,No,Hot,No,start,3,0,0,2.5,9.5,9.0,0,1.0,6.0,1,0,7.0,0,21.0,2,1,3,24.0,1,6.0,3,0,0,0,0,0,24.5,0.0,0,18.0,3.0,0,8.0,0,0,45.0,5.0,12.0,7.0,0,1.0,1
2025-11-08,Saturday,11,45,Yes,Rainy,No,start,20,0,2,2.5,10.5,33.0,0,1.0,64.0,1,1,7.0,0,47.0,22,0,18,42.0,1,27.0,3,10,0,0,2,2,99.0,19.0,0,64.0,17.0,2,25.0,2,2,35.0,24.0,63.0,20.0,0,3.0,0
2025-11-09,Sunday,11,45,Yes,Rainy,No,start,4,0,1,3.5,10.5,19.0,6,0.0,67.0,0,8,9.0,0,66.0,17,0,9,33.0,4,19.0,4,22,0,1,2,2,57.5,39.0,0,83.0,6.0,0,41.0,3,0,40.0,40.0,79.0,23.0,0,9.0,0
2025-11-10,Monday,11,46,No,Cloudy,No,start,3,0,1,1.0,9.5,20.0,1,2.0,30.0,0,6,4.0,0,43.0,12,2,5,35.0,1,22.0,3,1,1,1,8,0,54.0,16.0,0,42.0,9.0,0,36.0,0,1,85.0,19.0,60.0,20.0,0,5.0,1
2025-11-11,Tuesday,11,46,No,Rainy,No,middle,7,0,0,1.0,7.0,17.0,0,0.0,29.0,2,1,6.0,0,22.0,9,0,1,20.0,3,26.0,7,6,0,2,0,1,68.0,18.0,0,29.0,12.0,0,21.0,0,1,50.0,14.0,44.0,7.0,0,4.0,0
2025-11-12,Wednesday,11,46,No,Cloudy,No,middle,22,0,0,1.5,11.0,16.0,0,3.0,41.0,0,0,6.0,5,59.0,17,3,6,29.0,3,27.0,4,9,0,0,0,0,95.5,20.0,0,48.0,21.0,0,35.0,1,1,107.0,17.0,52.0,27.0,0,9.0,1
2025-11-13,Thursday,11,46,No,Hot,No,middle,9,0,1,1.5,8.5,13.0,0,4.0,23.0,0,1,9.0,0,40.0,4,1,8,23.0,2,13.0,3,11,0,2,0,1,74.0,21.0,0,48.0,6.0,0,28.0,3,0,146.0,19.0,36.0,11.0,0,12.0,1
2025-11-14,Friday,11,46,No,Hot,No,middle,21,0,1,1.5,9.5,19.0,1,0.0,53.0,0,0,5.0,0,45.0,6,0,7,46.0,0,30.0,4,9,0,3,9,0,69.5,22.0,0,56.0,11.0,2,51.0,6,1,80.0,18.0,34.0,26.0,0,7.0,1
2025-11-15,Saturday,11,46,Yes,Rainy,No,middle,14,0,1,1.0,15.0,21.0,0,2.0,44.0,1,2,5.0,0,61.0,8,0,3,40.0,1,13.0,4,16,0,0,0,1,80.5,7.0,0,75.0,17.0,0,22.0,2,5,51.0,26.0,41.0,19.0,0,3.0,2
2025-11-16,Sunday,11,46,Yes,Rainy,No,middle,10,0,0,2.0,0.0,4.0,0,1.0,40.0,1,0,4.0,0,42.0,10,2,10,22.0,0,17.0,0,0,0,0,4,0,60.5,15.0,0,82.0,6.0,1,25.0,2,0,16.0,16.0,60.0,11.0,0,10.0,1
2025-11-17,Monday,11,47,No,Cloudy,No,middle,0,0,0,0.0,0.0,0.0,0,0.0,26.0,0,0,0.0,0,0.0,0,0,0,0.0,0,0.0,0,0,0,0,0,0,0.0,0.0,0,31.0,0.0,0,0.0,0,1,45.0,0.0,0.0,0.0,0,2.0,1
2025-11-18,Tuesday,11,47,No,Rainy,No,middle,3,0,0,3.0,11.5,9.0,0,5.0,26.0,1,3,9.0,0,58.0,13,1,11,12.0,4,27.0,0,2,0,2,0,0,80.0,18.0,0,34.0,7.0,0,28.0,0,0,117.0,14.0,60.0,24.0,0,2.0,1
2025-11-19,Wednesday,11,47,No,Cloudy,No,middle,3,0,0,4.0,12.5,52.0,2,0.0,72.0,0,1,7.0,5,57.0,8,0,5,55.0,0,1.0,3,6,12,1,0,1,111.0,13.0,0,49.0,15.0,8,21.0,5,0,61.0,18.0,38.0,24.0,1,6.0,1
2025-11-20,Thursday,11,47,No,Hot,No,middle,12,0,1,1.5,9.5,11.0,1,5.0,24.0,0,1,9.0,0,45.0,4,0,8,27.0,2,14.0,4,11,0,2,0,1,74.0,17.0,0,37.0,5.0,0,23.0,2,0,115.0,19.0,39.0,9.0,0,12.0,1
2025-11-21,Friday,11,47,No,Hot,No,end,22,0,1,1.0,12.0,22.0,1,0.0,61.0,1,0,4.0,0,53.0,6,1,9,37.0,0,28.0,4,11,0,4,12,0,104.0,22.0,0,72.0,10.0,2,49.0,7,1,67.0,18.0,39.0,28.0,0,5.0,0
2025-11-22,Saturday,11,47,Yes,Rainy,No,end,22,0,2,2.5,11.0,32.0,0,1.0,58.0,0,1,8.0,0,54.0,23,0,16,41.0,1,19.0,3,9,0,0,2,2,104.5,20.0,0,62.0,19.0,2,25.0,2,2,33.0,28.0,71.0,17.0,0,3.0,0
2025-11-23,Sunday,11,47,Yes,Rainy,No,end,10,0,0,2.0,0.0,4.0,0,2.0,37.0,0,0,4.0,0,49.0,9,2,12,21.0,0,14.0,0,0,0,0,4,0,54.0,14.0,0,67.0,7.0,0,26.0,2,0,18.0,18.0,51.0,11.0,0,7.0,1
2025-11-24,Monday,11,48,No,Cloudy,No,end,0,0,0,1.0,0.0,0.0,0,0.0,0.0,0,0,0.0,0,0.0,8,0,0,0.0,0,20.0,0,7,0,2,0,0,57.0,0.0,0,0.0,0.0,0,23.0,0,0,0.0,10.0,0.0,0.0,0,0.0,0
2025-11-25,Tuesday,11,48,No,Rainy,No,end,3,0,0,3.0,12.0,9.0,0,4.0,28.0,0,3,10.0,1,63.0,16,1,11,13.0,5,24.0,2,2,0,2,2,0,105.0,19.0,0,36.0,7.0,1,26.0,0,0,124.0,15.0,55.0,20.0,0,2.0,1
2025-11-26,Wednesday,11,48,No,Cloudy,No,end,15,0,0,2.0,14.0,6.0,1,3.0,31.0,0,0,9.0,0,44.0,14,1,8,20.0,2,24.0,0,13,0,0,0,0,50.5,16.0,0,72.0,16.0,1,30.0,0,0,155.0,18.0,31.0,20.0,0,5.0,2
2025-11-27,Thursday,11,48,No,Hot,No,end,18,1,0,6.5,13.0,27.0,0,2.0,78.0,1,0,4.0,0,70.0,21,1,8,66.0,1,30.0,3,11,0,0,0,0,109.5,19.0,0,48.0,16.0,3,34.0,3,0,66.0,21.0,91.0,15.0,0,5.0,0
2025-11-28,Friday,11,48,No,Hot,No,end,4,0,0,3.0,8.0,9.0,0,1.0,8.0,1,0,7.0,0,22.0,2,2,3,29.0,0,7.0,3,8,0,0,0,0,26.5,0.0,0,16.0,3.0,0,9.0,1,0,49.0,6.0,12.0,8.0,0,1.0,0
2025-11-29,Saturday,11,48,Yes,Rainy,No,end,22,0,2,2.5,10.5,31.0,0,1.0,59.0,0,1,8.0,0,61.0,27,0,19,43.0,1,28.0,3,10,0,0,2,2,104.0,23.0,0,71.0,19.0,2,29.0,2,2,39.0,24.0,74.0,18.0,0,3.0,0
2025-11-30,Sunday,11,48,Yes,Rainy,No,end,11,0,0,2.0,0.0,4.0,0,2.0,31.0,0,0,4.0,0,53.0,9,2,13,24.0,0,15.0,0,7,0,2,5,0,61.0,14.0,0,90.0,7.0,0,31.0,2,0,19.0,15.0,64.0,12.0,0,9.0,1
2025-12-01,Monday,12,49,No,Rainy,No,start,3,0,1,0.5,10.0,20.0,1,2.0,37.0,0,5,3.0,0,40.0,11,2,7,36.0,0,21.0,3,1,0,0,6,0,75.0,13.0,0,52.0,11.0,0,36.0,0,1,105.0,19.0,63.0,25.0,0,5.0,1
2025-12-02,Tuesday,12,49,No,Cloudy,No,start,3,0,0,4.0,11.5,9.0,1,5.0,31.0,0,5,13.0,0,72.0,17,1,11,14.0,6,27.0,0,2,0,2,0,0,95.0,20.0,0,48.0,7.0,0,34.0,1,0,125.0,14.0,62.0,24.0,0,3.0,1
2025-12-03,Wednesday,12,49,No,Rainy,No,start,4,0,1,3.5,12.0,16.0,0,4.0,24.0,0,0,7.0,0,48.0,20,8,3,26.0,1,17.0,4,5,0,0,1,0,86.5,16.0,0,78.0,6.0,4,37.0,1,0,71.0,28.0,84.0,23.0,0,5.0,1
2025-12-04,Thursday,12,49,No,Cloudy,No,start,19,1,0,6.5,12.5,22.0,0,3.0,58.0,0,1,5.0,0,52.0,25,0,7,53.0,1,29.0,3,9,0,0,0,0,111.5,18.0,0,46.0,15.0,3,35.0,2,0,50.0,21.0,83.0,14.0,0,4.0,0
2025-12-05,Friday,12,49,No,Hot,No,start,9,0,1,2.0,16.0,17.0,0,1.0,50.0,1,2,6.0,0,45.0,19,4,7,37.0,3,22.0,14,12,0,0,7,0,89.5,26.0,0,60.0,26.0,0,41.0,0,7,73.0,25.0,98.0,32.0,0,1.0,0
2025-12-06,Saturday,12,49,Yes,Hot,No,start,23,0,2,2.5,10.5,34.0,0,1.0,54.0,0,1,9.0,0,64.0,25,1,19,46.0,1,26.0,3,8,0,0,3,2,91.0,22.0,0,71.0,21.0,2,31.0,2,2,45.0,21.0,88.0,21.0,0,3.0,0
2025-12-07,Sunday,12,49,Yes,Rainy,No,start,3,0,1,1.5,13.0,24.0,0,0.0,34.0,1,0,5.0,1,37.0,4,1,2,12.0,0,12.0,0,10,0,1,2,0,56.0,17.0,0,59.0,11.0,0,30.0,0,0,53.0,17.0,59.0,16.0,0,3.0,1
2025-12-08,Monday,12,50,No,Rainy,No,start,3,0,1,1.0,8.5,19.0,1,2.0,33.0,0,5,4.0,0,44.0,12,2,7,33.0,0,23.0,3,1,0,0,7,1,67.5,12.0,0,40.0,10.0,0,33.0,0,1,74.0,18.0,52.0,21.0,0,5.0,1
2025-12-09,Tuesday,12,50,No,Cloudy,No,start,6,0,0,1.5,12.5,5.0,3,2.0,51.0,0,3,6.0,0,57.0,5,0,5,32.0,1,33.0,0,2,0,1,0,0,74.0,10.0,0,86.0,3.0,1,43.0,7,2,85.0,29.0,66.0,21.0,0,8.0,2
2025-12-10,Wednesday,12,50,No,Rainy,No,start,3,0,1,3.0,11.5,16.0,0,5.0,31.0,1,0,6.0,0,45.0,17,8,3,25.0,1,14.0,4,5,0,0,0,0,72.0,19.0,0,65.0,5.0,4,37.0,1,0,53.0,26.0,88.0,17.0,0,4.0,1
2025-12-11,Thursday,12,50,No,Cloudy,No,middle,10,0,1,1.5,8.5,12.0,0,4.0,24.0,1,1,9.0,0,34.0,4,0,6,28.0,2,13.0,3,9,0,2,0,1,63.0,21.0,1,47.0,5.0,0,24.0,2,0,130.0,20.0,39.0,13.0,0,11.0,1
2025-12-12,Friday,12,50,No,Hot,No,middle,19,0,1,1.0,11.5,20.0,1,1.0,56.0,0,1,5.0,0,47.0,5,0,10,48.0,0,31.0,5,10,0,3,10,0,100.5,20.0,0,74.0,10.0,2,61.0,7,1,68.0,22.0,33.0,28.0,0,5.0,0
2025-12-13,Saturday,12,50,Yes,Hot,No,middle,24,0,2,3.0,11.0,39.0,0,1.0,63.0,0,1,9.0,0,61.0,20,0,16,50.0,1,20.0,3,12,0,0,2,2,93.0,27.0,0,77.0,19.0,2,28.0,2,2,41.0,28.0,89.0,20.0,0,3.0,0
2025-12-14,Sunday,12,50,Yes,Rainy,No,middle,10,0,0,2.0,0.0,4.0,0,2.0,39.0,0,0,3.0,0,52.0,12,2,11,20.0,0,17.0,0,0,0,2,4,0,58.0,16.0,0,71.0,6.0,0,24.0,2,0,16.0,18.0,64.0,12.0,0,8.0,1
2025-12-15,Monday,12,51,No,Rainy,No,middle,0,0,0,0.5,9.0,17.0,0,2.0,27.0,2,0,7.0,0,39.0,10,0,6,10.0,1,26.0,4,8,0,28,5,1,55.5,13.0,0,44.0,8.0,0,21.0,0,1,130.0,14.0,66.0,13.0,0,5.0,0
2025-12-16,Tuesday,12,51,No,Cloudy,No,middle,3,0,1,4.0,10.5,8.0,0,4.0,34.0,0,4,8.0,0,59.0,16,1,12,13.0,5,30.0,0,2,0,2,0,0,89.5,24.0,0,39.0,7.0,0,28.0,0,0,119.0,14.0,55.0,31.0,0,2.0,1
2025-12-17,Wednesday,12,51,No,Rainy,No,middle,12,0,0,2.0,14.0,6.0,0,3.0,34.0,0,0,8.0,0,37.0,11,1,7,16.0,2,25.0,0,13,0,0,0,0,56.5,13.0,0,61.0,17.0,1,30.0,0,0,150.0,18.0,26.0,16.0,0,6.0,2
2025-12-18,Thursday,12,51,No,Cloudy,No,middle,13,1,0,5.0,9.5,26.0,0,2.0,62.0,0,0,5.0,0,67.0,18,0,5,56.0,1,26.0,3,10,0,0,0,0,95.5,19.0,0,42.0,14.0,3,35.0,2,0,58.0,22.0,85.0,15.0,0,4.0,1
2025-12-19,Friday,12,51,No,Hot,No,middle,22,0,1,1.0,13.5,21.0,1,0.0,60.0,0,0,5.0,0,54.0,7,1,9,46.0,0,30.0,5,9,0,3,10,0,112.0,22.0,0,69.0,9.0,2,44.0,8,1,67.0,26.0,36.0,23.0,0,6.0,0
2025-12-20,Saturday,12,51,Yes,Hot,No,middle,15,0,1,1.0,17.0,28.0,0,2.0,52.0,1,1,5.0,0,80.0,10,0,3,40.0,1,16.0,4,19,0,0,0,1,85.0,9.0,0,63.0,21.0,1,26.0,2,4,49.0,28.0,56.0,21.0,0,3.0,2
2025-12-21,Sunday,12,51,Yes,Rainy,No,end,11,0,1,2.0,0.0,3.0,0,2.0,37.0,0,0,4.0,0,54.0,8,2,10,22.0,2,16.0,0,0,0,0,4,0,68.5,13.0,0,67.0,7.0,0,30.0,2,0,18.0,18.0,62.0,12.0,0,8.0,1
2025-12-22,Monday,12,52,No,Rainy,No,end,0,0,0,0.0,0.0,0.0,0,0.0,0.0,0,0,0.0,0,0.0,0,0,0,0.0,1,0.0,0,0,0,0,0,0,0.0,0.0,1,0.0,10.0,0,31.0,0,0,0.0,0.0,0.0,0.0,0,0.0,0
2025-12-23,Tuesday,12,52,No,Cloudy,No,end,3,0,0,3.5,10.0,10.0,0,4.0,34.0,0,5,10.0,0,53.0,16,1,10,15.0,6,28.0,3,2,0,2,0,0,84.0,21.0,0,43.0,8.0,0,33.0,0,0,146.0,13.0,66.0,27.0,0,2.0,1
2025-12-24,Wednesday,12,52,No,Rainy,No,end,11,0,0,2.0,10.5,6.0,1,3.0,28.0,1,2,10.0,0,34.0,12,1,6,16.0,2,25.0,3,11,0,2,0,0,56.0,15.0,0,70.0,19.0,1,23.0,0,0,142.0,16.0,32.0,19.0,0,4.0,2
2025-12-25,Thursday,12,52,No,Cloudy,Yes,end,12,1,1,2.5,20.5,25.0,0,4.0,37.0,3,0,11.0,0,55.0,9,5,7,14.0,1,38.0,0,16,0,2,2,0,89.5,33.0,0,48.0,16.0,0,34.0,0,0,159.0,22.0,94.0,32.0,0,6.0,2
2025-12-26,Friday,12,52,No,Hot,No,end,5,0,1,2.5,9.0,10.0,0,1.0,10.0,1,0,7.0,0,21.0,2,0,3,28.0,0,7.0,4,0,0,0,0,0,22.0,0.0,0,17.0,4.0,0,10.0,0,1,50.0,6.0,14.0,6.0,0,1.0,0
2025-12-27,Saturday,12,52,Yes,Hot,No,end,5,0,0,2.0,17.0,26.0,0,7.0,35.0,0,2,8.0,0,49.0,16,1,10,42.0,0,21.0,5,7,0,0,5,0,98.0,18.0,0,51.0,9.0,0,11.0,1,1,96.0,19.0,64.0,14.0,0,2.0,1
2025-12-28,Sunday,12,52,Yes,Rainy,No,end,9,0,0,2.0,8.0,4.0,0,2.0,38.0,1,1,4.0,0,46.0,9,2,13,23.0,1,16.0,0,0,0,0,4,0,79.0,18.0,0,70.0,6.0,0,31.0,2,1,22.0,14.0,65.0,13.0,0,10.0,1
2025-12-29,Monday,12,1,No,Rainy,No,end,4,0,1,0.5,9.0,18.0,1,2.0,45.0,0,6,4.0,0,46.0,14,2,6,36.0,0,26.0,4,1,0,0,7,0,64.5,15.0,0,48.0,13.0,0,40.0,2,1,87.0,18.0,63.0,25.0,0,5.0,1
2025-12-30,Tuesday,12,1,No,Cloudy,No,end,4,0,0,4.0,11.0,9.0,1,5.0,37.0,0,4,11.0,1,72.0,14,1,11,13.0,5,28.0,0,2,0,2,0,1,94.0,24.0,0,54.0,8.0,0,28.0,0,0,125.0,14.0,58.0,24.0,0,2.0,1
2025-12-31,Wednesday,12,1,No,Rainy,No,end,24,0,1,1.5,9.5,14.0,0,3.0,39.0,0,0,7.0,5,54.0,23,3,6,25.0,4,28.0,4,12,0,0,0,0,97.0,23.0,0,50.0,19.0,0,45.0,1,1,114.0,17.0,55.0,23.0,0,10.0,1
2026-01-01,Thursday,1,1,No,Hot,Yes,start,3,0,0,2.5,15.5,16.0,0,7.0,35.0,3,3,12.0,0,41.0,26,5,6,12.0,1,36.0,4,6,0,0,2,0,90.5,21.0,0,48.0,5.0,4,22.0,0,1,127.0,19.0,82.0,24.0,0,1.0,0
2026-01-02,Friday,1,1,No,Hot,No,start,8,0,0,2.0,17.0,15.0,0,1.0,50.0,1,0,6.0,0,62.0,16,4,7,28.0,4,28.0,12,15,0,0,7,0,107.5,31.0,0,64.0,24.0,0,35.0,1,6,68.0,24.0,85.0,34.0,0,1.0,1
2026-01-03,Saturday,1,1,Yes,Hot,No,start,18,0,0,1.0,18.0,27.0,0,2.0,57.0,1,0,6.0,0,87.0,10,0,4,47.0,1,13.0,7,19,0,0,0,1,85.5,9.0,0,70.0,24.0,0,32.0,2,4,55.0,29.0,61.0,21.0,0,4.0,2
2026-01-04,Sunday,1,1,Yes,Hot,No,start,2,0,0,2.5,14.5,19.0,0,4.0,33.0,1,2,9.0,0,44.0,15,1,1,35.0,0,26.0,16,8,0,5,0,0,78.5,13.0,0,100.0,14.0,2,39.0,3,2,93.0,29.0,65.0,23.0,0,5.0,0
2026-01-05,Monday,1,2,No,Cloudy,No,start,0,0,0,1.0,0.0,19.0,0,0.0,19.0,0,0,0.0,1,26.0,0,0,5,0.0,0,20.0,3,5,0,0,0,0,37.0,0.0,0,0.0,0.0,0,0.0,0,0,0.0,9.0,0.0,0.0,0,0.0,0
2026-01-06,Tuesday,1,2,No,Hot,No,start,11,0,0,1.0,10.5,18.0,0,0.0,34.0,2,1,7.0,0,33.0,10,1,1,26.0,3,24.0,8,8,0,2,0,1,64.0,18.0,0,32.0,14.0,0,25.0,0,0,64.0,15.0,47.0,7.0,0,4.0,0
2026-01-07,Wednesday,1,2,No,Cloudy,No,start,24,0,0,1.5,11.0,15.0,0,3.0,35.0,0,1,7.0,6,52.0,22,3,6,29.0,5,29.0,4,9,0,0,0,0,96.0,21.0,0,50.0,21.0,1,40.0,1,1,132.0,15.0,47.0,22.0,0,9.0,1
2026-01-08,Thursday,1,2,No,Hot,No,start,9,0,0,1.0,9.5,21.0,2,8.0,36.0,0,2,6.0,0,39.0,15,2,7,40.0,2,23.0,2,4,0,1,0,1,72.5,13.0,1,64.0,17.0,3,46.0,3,0,106.0,27.0,71.0,18.0,0,4.0,1
2026-01-09,Friday,1,2,No,Hot,No,start,8,0,0,2.0,15.5,14.0,0,1.0,49.0,1,0,7.0,0,57.0,16,3,6,31.0,3,31.0,10,16,0,0,5,0,93.5,24.0,0,61.0,23.0,0,40.0,0,7,54.0,23.0,76.0,34.0,0,1.0,0
2026-01-10,Saturday,1,2,Yes,Hot,No,start,0,0,0,2.5,17.5,29.0,0,6.0,35.0,1,2,8.0,0,50.0,11,1,10,32.0,0,24.0,6,7,0,0,4,0,72.5,23.0,0,35.0,10.0,0,13.0,1,1,115.0,19.0,37.0,13.0,0,3.0,1
2026-01-11,Sunday,1,2,Yes,Hot,No,middle,2,0,0,2.0,14.5,19.0,0,3.0,29.0,0,2,7.0,0,50.0,16,1,1,30.0,0,19.0,13,12,0,5,0,0,69.5,12.0,0,73.0,13.0,2,32.0,2,2,84.0,27.0,46.0,24.0,0,5.0,0
2026-01-12,Monday,1,3,No,Cloudy,No,middle,0,0,0,0.5,10.5,20.0,0,0.0,22.0,2,0,8.0,0,35.0,13,0,7,13.0,1,31.0,5,10,0,29,5,0,69.5,13.0,0,37.0,8.0,0,25.0,0,1,137.0,16.0,65.0,14.0,0,6.0,1
2026-01-13,Tuesday,1,3,No,Hot,No,middle,7,0,0,2.5,13.0,14.0,0,6.0,30.0,0,1,9.0,0,45.0,16,4,10,45.0,2,23.0,3,13,0,1,2,2,76.5,22.0,0,47.0,3.0,1,31.0,1,1,88.0,25.0,46.0,12.0,0,0.0,1
2026-01-14,Wednesday,1,3,No,Cloudy,No,middle,2,0,0,3.0,10.5,12.0,0,2.0,34.0,0,3,7.0,0,50.0,19,4,7,15.0,1,25.0,3,3,0,5,0,0,85.0,17.0,0,52.0,6.0,0,19.0,2,0,52.0,19.0,28.0,19.0,0,7.0,0
2026-01-15,Thursday,1,3,No,Hot,No,middle,12,0,1,1.5,8.5,14.0,0,5.0,27.0,0,1,10.0,0,39.0,4,1,8,28.0,2,15.0,3,9,0,2,0,1,66.0,22.0,0,47.0,6.0,0,26.0,2,0,116.0,20.0,52.0,14.0,0,12.0,1
2026-01-16,Friday,1,3,No,Hot,No,middle,4,0,0,2.5,11.0,9.0,1,1.0,9.0,1,0,7.0,0,19.0,2,0,3,28.0,0,6.0,4,0,0,0,0,0,24.5,0.0,0,18.0,2.0,0,10.0,0,0,40.0,5.0,13.0,7.0,0,1.0,0
2026-01-17,Saturday,1,3,Yes,Hot,No,middle,9,0,3,1.5,10.0,15.0,0,3.0,23.0,0,2,7.0,0,46.0,13,5,7,20.0,3,32.0,6,8,0,4,0,2,65.0,28.0,1,64.0,11.0,2,35.0,4,1,92.0,28.0,77.0,18.0,0,3.0,0
2026-01-18,Sunday,1,3,Yes,Hot,No,middle,6,0,1,5.0,12.0,20.0,6,1.0,63.0,0,11,14.0,0,74.0,22,0,9,39.0,5,20.0,4,23,0,2,2,2,85.0,51.0,0,78.0,7.0,0,42.0,4,1,63.0,35.0,103.0,32.0,0,9.0,0
2026-01-19,Monday,1,4,No,Cloudy,No,middle,8,0,0,0.0,0.0,0.0,0,2.0,0.0,0,0,5.0,0,40.0,0,0,0,16.0,1,0.0,0,0,0,0,0,0,0.0,13.0,0,0.0,0.0,0,0.0,0,0,0.0,0.0,0.0,0.0,0,0.0,0
2026-01-20,Tuesday,1,4,No,Hot,No,middle,6,1,0,2.0,14.0,12.0,0,5.0,37.0,0,1,9.0,0,47.0,19,4,9,44.0,2,22.0,3,13,0,1,1,2,72.5,23.0,0,52.0,4.0,0,33.0,1,0,88.0,29.0,43.0,15.0,0,5.0,1
2026-01-21,Wednesday,1,4,No,Cloudy,No,end,3,1,0,4.5,14.5,54.0,2,0.0,73.0,0,1,8.0,6,70.0,7,0,5,56.0,1,1.0,3,7,12,0,1,0,135.5,14.0,1,49.0,16.0,6,25.0,6,0,83.0,16.0,46.0,16.0,1,5.0,1
2026-01-22,Thursday,1,4,No,Hot,No,end,11,0,1,2.0,17.0,20.0,0,3.0,35.0,2,0,9.0,0,53.0,9,4,8,14.0,1,34.0,0,17,0,1,0,0,87.5,24.0,0,41.0,16.0,0,40.0,0,1,160.0,22.0,90.0,33.0,0,6.0,2
2026-01-23,Friday,1,4,No,Hot,No,end,22,0,1,1.0,11.0,19.0,1,0.0,61.0,0,0,6.0,0,59.0,7,0,10,47.0,0,32.0,5,9,0,3,9,0,97.5,28.0,0,68.0,11.0,2,41.0,8,1,60.0,20.0,36.0,33.0,0,5.0,0
2026-01-24,Saturday,1,4,Yes,Hot,No,end,11,0,3,2.0,10.5,20.0,0,3.0,27.0,1,1,7.0,0,52.0,15,5,7,23.0,3,31.0,5,11,0,3,0,2,57.5,26.0,0,70.0,12.0,2,36.0,5,1,73.0,23.0,67.0,18.0,0,4.0,0
2026-01-25,Sunday,1,4,Yes,Hot,No,end,2,0,1,2.0,12.5,16.0,0,4.0,32.0,0,2,7.0,0,45.0,11,1,1,35.0,2,23.0,15,10,0,4,0,0,69.5,12.0,0,74.0,14.0,2,24.0,3,2,65.0,26.0,53.0,23.0,0,5.0,0
2026-01-26,Monday,1,5,No,Cloudy,No,end,4,0,1,1.0,11.0,18.0,1,2.0,39.0,0,6,5.0,0,52.0,18,2,6,36.0,0,23.0,3,1,0,0,8,0,66.5,15.0,0,57.0,11.0,0,33.0,0,1,99.0,23.0,65.0,22.0,0,5.0,1
2026-01-27,Tuesday,1,5,No,Hot,No,end,7,0,0,1.5,11.0,8.0,3,2.0,56.0,0,4,7.0,0,59.0,8,0,7,44.0,1,36.0,0,2,0,1,0,0,91.0,13.0,0,87.0,3.0,0,57.0,8,2,100.0,34.0,64.0,30.0,0,9.0,2
2026-01-28,Wednesday,1,5,No,Cloudy,No,end,4,0,1,3.0,12.5,18.0,0,6.0,29.0,0,0,7.0,0,57.0,23,9,4,22.0,1,20.0,4,6,0,0,0,0,82.5,23.0,0,81.0,6.0,4,38.0,1,0,64.0,30.0,87.0,19.0,0,5.0,1
2026-01-29,Thursday,1,5,No,Hot,No,end,11,0,1,2.5,18.5,36.0,1,4.0,49.0,2,0,11.0,0,67.0,11,6,8,15.0,1,39.0,0,17,0,2,0,0,98.0,27.0,0,51.0,17.0,0,40.0,0,0,172.0,28.0,112.0,34.0,0,6.0,2
2026-01-30,Friday,1,5,No,Hot,No,end,14,0,0,4.0,9.0,13.0,2,3.0,28.0,0,2,11.0,0,60.0,14,0,13,18.0,5,28.0,5,0,0,1,15,0,77.0,19.0,1,68.0,10.0,4,43.0,1,1,67.0,22.0,57.0,29.0,0,4.0,4
2026-01-31,Saturday,1,5,Yes,Hot,No,end,7,0,0,2.5,16.0,26.0,0,6.0,31.0,0,2,8.0,0,49.0,14,1,11,36.0,0,21.0,5,6,0,0,4,0,98.5,20.0,0,62.0,9.0,0,13.0,1,1,113.0,21.0,51.0,10.0,0,2.0,1
2026-02-01,Sunday,2,5,Yes,Hot,No,start,2,0,0,2.5,16.5,17.0,0,4.0,35.0,1,2,10.0,0,55.0,15,1,1,33.0,0,19.0,15,10,0,4,0,0,80.5,16.0,0,77.0,16.0,3,49.0,2,2,86.0,28.0,63.0,24.0,0,5.0,0
2026-02-02,Monday,2,6,No,Cloudy,No,start,0,0,0,1.5,0.0,0.0,0,0.0,0.0,0,0,0.0,0,45.0,0,1,0,0.0,2,13.0,3,6,0,1,0,0,0.0,0.0,0,0.0,0.0,1,0.0,1,0,0.0,0.0,0.0,0.0,0,0.0,0
2026-02-03,Tuesday,2,6,No,Hot,No,start,8,0,0,2.0,13.5,8.0,4,3.0,55.0,0,3,7.0,0,74.0,8,0,6,41.0,1,28.0,0,3,0,1,1,0,92.5,8.0,0,84.0,4.0,0,61.0,8,3,88.0,38.0,67.0,27.0,0,8.0,3
2026-02-04,Wednesday,2,6,No,Hot,Yes,start,4,0,0,5.5,15.5,68.0,3,0.0,83.0,0,1,11.0,6,80.0,10,0,7,73.0,0,1.0,4,9,13,0,0,0,150.5,18.0,0,65.0,18.0,9,37.0,7,1,96.0,23.0,60.0,28.0,1,9.0,1
2026-02-05,Thursday,2,6,No,Hot,No,start,11,0,1,2.0,9.5,17.0,0,4.0,22.0,0,1,10.0,0,46.0,4,0,7,23.0,2,14.0,4,11,0,2,0,1,79.0,22.0,0,51.0,7.0,0,35.0,3,0,150.0,23.0,53.0,12.0,0,14.0,1
2026-02-06,Friday,2,6,No,Hot,No,start,22,0,1,1.0,12.5,21.0,1,0.0,69.0,0,0,5.0,0,50.0,7,0,10,51.0,0,32.0,5,10,0,4,12,0,85.5,23.0,0,82.0,11.0,2,37.0,7,1,64.0,19.0,33.0,27.0,0,6.0,0
2026-02-07,Saturday,2,6,Yes,Cloudy,No,start,13,0,0,1.0,19.0,35.0,0,2.0,49.0,1,0,5.0,0,73.0,8,0,3,44.0,1,13.0,4,15,0,0,0,1,68.0,7.0,0,76.0,23.0,0,25.0,2,5,56.0,26.0,50.0,20.0,0,3.0,2
2026-02-08,Sunday,2,6,Yes,Hot,No,start,11,0,0,2.5,0.0,4.0,0,2.0,39.0,0,0,5.0,0,53.0,10,2,11,21.0,0,16.0,0,0,0,0,5,1,60.5,19.0,0,102.0,8.0,0,30.0,3,0,24.0,19.0,68.0,13.0,0,10.0,1
2026-02-09,Monday,2,7,No,Cloudy,No,start,6,1,0,0.5,10.5,20.0,0,3.0,24.0,2,0,7.0,0,51.0,12,0,7,14.0,1,33.0,5,11,1,24,5,0,56.5,14.0,0,37.0,9.0,0,22.0,0,1,127.0,17.0,67.0,14.0,0,7.0,0
2026-02-10,Tuesday,2,7,No,Hot,No,start,11,0,0,1.0,10.0,16.0,1,0.0,36.0,2,1,8.0,0,30.0,11,0,1,24.0,3,30.0,9,7,0,2,0,1,73.0,15.0,0,35.0,13.0,0,30.0,2,0,72.0,14.0,41.0,8.0,0,5.0,1
2026-02-11,Wednesday,2,7,No,Hot,No,middle,14,0,0,2.5,14.5,7.0,0,3.0,37.0,1,0,8.0,0,48.0,13,1,8,23.0,2,27.0,4,13,1,1,0,0,60.0,16.0,0,81.0,16.0,1,30.0,1,0,169.0,20.0,28.0,22.0,0,5.0,2
2026-02-12,Thursday,2,7,No,Hot,No,middle,2,0,0,2.0,11.0,12.0,0,6.0,29.0,2,2,9.0,0,26.0,21,4,5,10.0,1,29.0,0,4,1,1,0,0,88.0,18.0,0,45.0,5.0,3,21.0,0,1,106.0,16.0,71.0,19.0,0,1.0,1
2026-02-13,Friday,2,7,No,Hot,No,middle,20,0,1,1.5,12.5,19.0,1,0.0,60.0,0,0,5.0,0,52.0,7,1,9,58.0,0,32.0,4,12,0,4,9,0,94.5,27.0,0,83.0,10.0,2,44.0,6,1,74.0,26.0,41.0,34.0,0,5.0,0
2026-02-14,Saturday,2,7,Yes,Cloudy,No,middle,23,0,2,2.5,11.0,30.0,0,1.0,67.0,0,1,8.0,0,58.0,29,1,15,45.0,1,23.0,3,11,0,0,2,2,96.5,25.0,0,80.0,21.0,2,28.0,2,2,34.0,24.0,79.0,22.0,0,3.0,0
2026-02-15,Sunday,2,7,Yes,Hot,No,middle,6,0,1,4.0,14.0,23.0,8,0.0,61.0,0,10,9.0,0,84.0,17,0,9,39.0,4,17.0,5,22,0,2,2,2,69.0,49.0,0,85.0,7.0,1,37.0,5,0,52.0,34.0,104.0,30.0,0,10.0,0
2026-02-16,Monday,2,8,No,Cloudy,No,middle,0,0,0,0.0,0.0,0.0,1,0.0,0.0,0,0,0.0,0,51.0,0,1,0,0.0,0,0.0,4,4,0,0,0,0,0.0,0.0,0,0.0,0.0,0,14.0,0,0,69.0,0.0,0.0,12.0,0,0.0,0
2026-02-17,Tuesday,2,8,No,Hot,No,middle,6,0,0,2.0,13.0,14.0,0,5.0,39.0,0,0,9.0,0,42.0,16,3,9,41.0,2,24.0,3,13,0,1,0,2,62.0,20.0,1,51.0,4.0,1,28.0,1,0,80.0,20.0,47.0,14.0,0,0.0,1
2026-02-18,Wednesday,2,8,No,Hot,No,middle,26,0,0,2.0,10.5,18.0,0,4.0,46.0,0,0,7.0,6,52.0,19,3,7,28.0,4,33.0,5,13,0,0,0,0,102.5,22.0,0,56.0,24.0,0,50.0,1,1,125.0,22.0,61.0,28.0,0,10.0,1
2026-02-19,Thursday,2,8,No,Hot,No,middle,11,0,1,2.5,15.5,30.0,0,3.0,42.0,2,0,10.0,0,57.0,11,4,8,10.0,1,31.0,0,14,0,0,0,0,106.0,22.0,0,40.0,17.0,1,37.0,0,1,174.0,25.0,94.0,36.0,0,6.0,2
2026-02-20,Friday,2,8,No,Hot,No,middle,12,0,0,4.5,8.5,17.0,2,4.0,28.0,0,2,10.0,0,61.0,11,0,9,23.0,5,27.0,4,0,0,0,15,0,78.0,18.0,1,66.0,8.0,3,46.0,1,1,63.0,21.0,66.0,30.0,0,5.0,4
2026-02-21,Saturday,2,8,Yes,Cloudy,No,end,4,0,1,2.0,16.0,23.0,0,6.0,34.0,0,2,7.0,0,43.0,12,1,10,38.0,0,25.0,5,5,0,0,5,0,84.0,21.0,0,48.0,8.0,0,11.0,1,1,114.0,19.0,51.0,14.0,0,2.0,1
2026-02-22,Sunday,2,8,Yes,Hot,No,end,2,0,0,2.5,14.0,17.0,0,4.0,31.0,0,3,8.0,0,52.0,11,1,1,35.0,0,20.0,13,10,0,5,0,0,68.0,14.0,0,79.0,13.0,2,38.0,2,2,82.0,26.0,63.0,20.0,0,4.0,0
2026-02-23,Monday,2,9,No,Cloudy,No,end,0,0,0,0.0,0.0,0.0,0,2.0,0.0,0,0,0.0,0,40.0,0,0,7,0.0,0,0.0,0,0,0,0,1,0,0.0,0.0,0,0.0,0.0,0,0.0,1,0,0.0,0.0,0.0,18.0,0,0.0,0
2026-02-24,Tuesday,2,9,No,Hot,No,end,10,0,1,1.0,8.5,16.0,1,0.0,29.0,2,1,6.0,0,30.0,9,0,1,25.0,3,32.0,9,9,1,2,0,1,70.0,18.0,0,32.0,10.0,0,27.0,0,0,60.0,16.0,42.0,8.0,0,5.0,0
2026-02-25,Wednesday,2,9,No,Hot,No,end,4,0,0,5.0,15.5,68.0,2,0.0,77.0,0,1,10.0,5,56.0,8,1,6,50.0,0,1.0,3,6,9,0,0,0,143.0,12.0,0,42.0,19.0,7,27.0,6,1,70.0,17.0,48.0,20.0,1,7.0,1
2026-02-26,Thursday,2,9,No,Hot,No,end,10,0,0,1.0,11.0,19.0,3,8.0,47.0,0,2,6.0,0,56.0,14,3,6,38.0,2,30.0,2,5,0,1,0,1,86.0,14.0,1,72.0,17.0,4,41.0,4,0,108.0,31.0,72.0,21.0,0,6.0,1
2026-02-27,Friday,2,9,No,Hot,No,end,4,0,1,2.5,10.5,19.0,0,4.0,28.0,2,4,49.0,0,56.0,14,0,13,9.0,2,32.0,6,13,0,3,7,1,65.0,14.0,0,69.0,11.0,7,24.0,0,5,23.0,19.0,63.0,12.0,0,1.0,0
2026-02-28,Saturday,2,9,Yes,Cloudy,No,end,16,0,0,1.0,20.0,28.0,0,2.0,49.0,1,0,6.0,0,84.0,9,0,3,44.0,1,16.0,7,19,0,0,2,1,84.5,9.0,0,80.0,23.0,0,28.0,2,5,74.0,27.0,69.0,19.0,0,3.0,2
2026-03-01,Sunday,3,9,Yes,Hot,No,start,4,0,1,1.5,14.5,22.0,0,0.0,41.0,0,1,9.0,0,45.0,4,1,3,15.0,0,17.0,0,13,0,1,2,0,65.0,17.0,0,68.0,14.0,0,34.0,1,0,70.0,24.0,60.0,18.0,0,3.0,0
2026-03-02,Monday,3,10,No,Cloudy,No,start,0,0,0,0.0,8.0,12.0,0,0.0,39.0,0,0,6.0,0,0.0,0,0,0,0.0,0,22.0,0,7,0,0,1,0,0.0,0.0,0,0.0,0.0,1,0.0,0,0,62.0,0.0,0.0,0.0,0,0.0,0
2026-03-03,Tuesday,3,10,No,Hot,No,start,10,0,0,1.5,10.5,23.0,0,0.0,41.0,3,1,9.0,0,32.0,12,0,1,25.0,4,29.0,9,8,0,3,0,1,88.0,24.0,0,40.0,15.0,0,29.0,0,1,76.0,15.0,45.0,9.0,0,5.0,0
2026-03-04,Wednesday,3,10,No,Hot,No,start,3,0,0,3.5,11.0,14.0,0,2.0,39.0,0,3,12.0,0,57.0,19,4,8,18.0,1,23.0,4,5,0,6,0,0,84.5,20.0,0,50.0,8.0,0,27.0,2,0,70.0,22.0,44.0,16.0,0,9.0,1
2026-03-05,Thursday,3,10,No,Hot,No,start,10,0,0,1.5,13.0,25.0,2,7.0,50.0,0,2,6.0,0,60.0,16,3,6,40.0,3,29.0,2,7,0,1,0,1,78.5,16.0,1,79.0,18.0,3,42.0,4,0,94.0,36.0,96.0,21.0,0,6.0,1
2026-03-06,Friday,3,10,No,Hot,No,start,9,0,0,1.5,14.0,14.0,0,1.0,37.0,1,0,7.0,0,57.0,17,4,6,32.0,3,30.0,10,14,0,0,6,0,107.0,30.0,0,66.0,22.0,1,45.0,1,7,67.0,23.0,65.0,38.0,0,1.0,0
2026-03-07,Saturday,3,10,Yes,Rainy,No,start,8,0,0,2.0,16.5,20.0,0,7.0,32.0,0,2,6.0,0,38.0,12,1,9,34.0,0,21.0,5,6,0,0,3,0,84.0,23.0,0,47.0,9.0,0,10.0,1,1,101.0,17.0,46.0,12.0,0,2.0,1
2026-03-08,Sunday,3,10,Yes,Hot,No,start,6,0,1,4.0,14.5,22.0,8,0.0,83.0,0,12,11.0,0,78.0,23,0,8,41.0,5,21.0,4,22,0,0,2,2,69.0,43.0,0,96.0,6.0,0,42.0,5,1,55.0,39.0,103.0,27.0,0,11.0,0
2026-03-09,Monday,3,11,No,Cloudy,No,start,0,0,0,0.0,0.0,0.0,1,0.0,0.0,0,1,0.0,0,0.0,0,0,0,0.0,0,0.0,3,0,0,1,1,0,0.0,0.0,0,56.0,0.0,0,0.0,0,0,66.0,0.0,0.0,11.0,0,0.0,0
2026-03-10,Tuesday,3,11,No,Hot,No,start,7,0,0,2.0,15.0,14.0,0,5.0,36.0,0,1,8.0,0,53.0,16,3,9,49.0,2,24.0,4,15,0,1,0,3,79.5,21.0,0,50.0,3.0,0,31.0,1,0,101.0,30.0,57.0,14.0,0,0.0,1
2026-03-11,Wednesday,3,11,No,Hot,No,middle,15,0,0,2.0,15.5,7.0,0,3.0,35.0,0,0,10.0,0,41.0,15,1,8,18.0,2,25.0,0,15,0,0,0,0,61.0,22.0,0,87.0,14.0,1,34.0,0,0,160.0,19.0,36.0,19.0,0,7.0,2
2026-03-12,Thursday,3,11,No,Hot,No,middle,12,0,1,2.0,16.5,33.0,0,4.0,44.0,2,1,9.0,0,59.0,13,6,7,17.0,1,29.0,0,14,0,0,0,0,105.0,25.0,0,40.0,16.0,0,36.0,2,0,179.0,28.0,94.0,36.0,0,7.0,2
2026-03-13,Friday,3,11,No,Hot,No,middle,3,0,0,2.5,12.0,16.0,0,3.0,28.0,2,5,52.0,0,35.0,14,0,11,8.0,2,26.0,5,12,0,2,5,0,71.0,12.0,0,65.0,9.0,6,22.0,1,4,23.0,16.0,82.0,13.0,0,1.0,0
2026-03-14,Saturday,3,11,Yes,Rainy,No,middle,0,0,0,2.0,15.0,21.0,0,6.0,31.0,0,2,7.0,0,47.0,11,1,9,24.0,0,23.0,6,7,0,0,4,1,94.0,21.0,0,46.0,9.0,0,12.0,1,1,98.0,18.0,44.0,12.0,0,2.0,1
2026-03-15,Sunday,3,11,Yes,Hot,No,middle,5,0,1,4.0,9.5,16.0,8,0.0,67.0,1,9,13.0,0,84.0,20,0,10,38.0,4,25.0,4,26,0,0,2,2,68.5,40.0,0,91.0,6.0,0,46.0,4,0,55.0,40.0,80.0,28.0,0,12.0,0
2026-03-16,Monday,3,12,No,Cloudy,No,middle,0,0,1,0.0,0.0,11.0,0,0.0,0.0,0,0,0.0,0,0.0,10,1,0,26.0,0,0.0,0,0,0,2,0,0,0.0,0.0,0,0.0,9.0,0,0.0,0,0,0.0,0.0,62.0,0.0,0,0.0,1
2026-03-17,Tuesday,3,12,No,Hot,No,middle,7,0,0,2.5,14.5,15.0,0,5.0,35.0,0,0,8.0,0,55.0,18,3,10,44.0,2,21.0,4,13,0,1,2,2,60.5,24.0,0,50.0,4.0,0,33.0,1,0,103.0,28.0,51.0,15.0,0,2.0,1
2026-03-18,Wednesday,3,12,No,Hot,No,middle,2,0,0,3.5,12.5,14.0,0,2.0,31.0,0,3,8.0,0,55.0,16,3,7,15.0,1,23.0,4,4,0,5,0,0,75.0,23.0,0,60.0,5.0,0,22.0,3,1,70.0,20.0,37.0,18.0,0,7.0,0
2026-03-19,Thursday,3,12,No,Hot,No,middle,13,1,0,6.0,14.5,29.0,0,2.0,63.0,0,0,4.0,0,53.0,19,0,8,73.0,1,29.0,4,11,0,0,0,0,109.5,19.0,0,48.0,13.0,3,43.0,3,0,61.0,22.0,97.0,16.0,0,5.0,0
2026-03-20,Friday,3,12,No,Hot,No,middle,22,0,1,1.5,12.5,19.0,1,0.0,59.0,0,0,5.0,0,49.0,7,0,8,52.0,0,34.0,5,11,0,3,11,0,112.5,27.0,0,76.0,13.0,2,50.0,6,1,83.0,20.0,34.0,31.0,0,6.0,0
2026-03-21,Saturday,3,12,Yes,Rainy,No,end,16,0,2,2.5,10.0,33.0,0,1.0,58.0,0,1,7.0,0,55.0,21,1,20,42.0,1,24.0,3,9,0,0,2,2,91.5,25.0,0,73.0,20.0,2,24.0,2,2,45.0,26.0,75.0,18.0,0,3.0,0
2026-03-22,Sunday,3,12,Yes,Hot,No,end,3,0,0,2.5,14.5,19.0,0,3.0,28.0,1,2,7.0,0,47.0,12,1,1,32.0,0,21.0,16,12,0,5,2,0,76.5,14.0,0,71.0,15.0,3,37.0,2,2,74.0,21.0,63.0,25.0,0,5.0,1
2026-03-23,Monday,3,13,No,Cloudy,No,end,0,0,0,0.0,0.0,0.0,0,0.0,38.0,0,0,0.0,0,0.0,0,0,5,0.0,0,17.0,0,0,0,0,2,0,70.0,0.0,0,0.0,0.0,0,0.0,2,0,0.0,12.0,0.0,17.0,0,0.0,0
2026-03-24,Tuesday,3,13,No,Hot,No,end,6,0,0,2.0,16.0,14.0,0,6.0,41.0,0,0,8.0,0,53.0,17,4,9,47.0,3,26.0,4,14,0,1,0,3,66.5,25.0,0,55.0,4.0,0,31.0,1,0,88.0,28.0,44.0,12.0,0,0.0,1
2026-03-25,Wednesday,3,13,No,Hot,No,end,2,0,0,4.5,11.5,15.0,0,2.0,40.0,0,3,9.0,0,58.0,16,4,6,18.0,1,23.0,3,4,0,5,0,0,81.0,24.0,0,51.0,6.0,1,25.0,2,0,70.0,19.0,30.0,14.0,0,6.0,0
2026-03-26,Thursday,3,13,No,Hot,No,end,3,0,0,2.5,12.5,18.0,0,6.0,37.0,2,2,9.0,0,45.0,21,4,5,10.0,1,38.0,0,6,0,0,0,0,89.0,18.0,0,47.0,5.0,4,26.0,0,1,108.0,20.0,76.0,21.0,0,1.0,0
2026-03-27,Friday,3,13,No,Hot,No,end,13,0,0,4.0,10.0,18.0,2,4.0,30.0,0,2,12.0,0,55.0,12,0,11,24.0,6,29.0,5,0,0,0,15,1,86.0,22.0,1,63.0,12.0,4,48.0,1,1,60.0,23.0,59.0,27.0,0,5.0,4
2026-03-28,Saturday,3,13,Yes,Rainy,No,end,6,0,0,2.5,15.0,24.0,0,6.0,36.0,0,2,8.0,0,48.0,13,1,8,36.0,0,24.0,5,6,0,0,4,0,113.5,22.0,0,57.0,9.0,0,12.0,1,1,96.0,19.0,45.0,12.0,0,2.0,1
2026-03-29,Sunday,3,13,Yes,Hot,No,end,13,0,0,2.0,0.0,5.0,0,3.0,46.0,0,0,6.0,0,64.0,11,2,13,26.0,1,17.0,0,0,0,0,5,0,70.5,22.0,0,109.0,8.0,0,35.0,3,0,25.0,18.0,80.0,16.0,0,11.0,1
2026-03-30,Monday,3,14,No,Cloudy,No,end,0,0,1,0.0,12.0,0.0,0,0.0,0.0,0,0,0.0,0,0.0,0,0,0,0.0,0,0.0,0,0,0,0,0,0,0.0,14.0,0,0.0,0.0,0,15.0,0,0,0.0,0.0,0.0,0.0,0,0.0,1
2026-03-31,Tuesday,3,14,No,Hot,No,end,3,0,0,5.5,14.0,11.0,0,6.0,35.0,0,4,17.0,0,74.0,21,1,13,16.0,6,35.0,0,3,0,3,0,0,100.0,25.0,0,51.0,9.0,0,32.0,0,0,133.0,19.0,68.0,26.0,0,3.0,1
2026-04-01,Wednesday,4,14,No,Rainy,No,start,4,0,1,3.5,15.0,17.0,1,6.0,34.0,0,0,8.0,0,60.0,18,9,4,33.0,1,20.0,4,5,0,0,0,0,83.5,21.0,0,64.0,5.0,5,43.0,1,0,67.0,34.0,108.0,19.0,0,5.0,1
2026-04-02,Thursday,4,14,No,Cloudy,No,start,14,1,0,5.0,11.5,23.0,1,2.0,60.0,0,0,5.0,0,70.0,19,0,7,62.0,1,21.0,4,10,0,0,0,0,120.5,21.0,0,51.0,16.0,4,35.0,3,0,57.0,21.0,83.0,17.0,0,5.0,0
2026-04-03,Friday,4,14,No,Rainy,No,start,4,0,0,2.5,10.0,20.0,0,3.0,30.0,3,4,49.0,0,40.0,17,2,14,8.0,2,25.0,4,9,0,3,5,0,70.5,10.0,0,59.0,9.0,6,19.0,0,5,18.0,17.0,62.0,12.0,0,1.0,0
2026-04-04,Saturday,4,14,Yes,Hot,No,start,0,0,0,2.0,15.5,28.0,0,8.0,26.0,0,2,7.0,0,57.0,14,1,14,35.0,0,27.0,5,7,0,0,4,0,95.5,25.0,0,57.0,11.0,0,14.0,1,1,123.0,21.0,49.0,15.0,0,3.0,1
2026-04-05,Sunday,4,14,Yes,Hot,No,start,4,0,1,2.0,12.0,34.0,0,2.0,40.0,1,0,8.0,0,51.0,4,0,3,15.0,0,17.0,0,15,1,1,0,0,73.0,19.0,0,94.0,15.0,1,38.0,0,0,62.0,21.0,71.0,20.0,0,3.0,1
2026-04-06,Monday,4,15,No,Hot,No,start,0,0,0,0.0,0.0,0.0,1,0.0,0.0,1,0,0.0,0,0.0,0,0,0,0.0,0,0.0,0,0,0,1,0,0,0.0,0.0,0,28.0,0.0,0,0.0,2,0,0.0,0.0,0.0,0.0,0,0.0,0
2026-04-07,Tuesday,4,15,No,Cloudy,No,start,6,0,0,1.5,13.5,7.0,3,2.0,38.0,0,3,6.0,0,62.0,8,1,6,40.0,1,32.0,0,2,0,1,0,1,84.5,10.0,0,80.0,3.0,1,51.0,7,2,89.0,35.0,95.0,32.0,0,6.0,2
2026-04-08,Wednesday,4,15,No,Rainy,No,start,1,0,0,3.0,12.0,9.0,0,2.0,36.0,0,3,9.0,0,38.0,16,3,7,12.0,1,21.0,4,3,0,4,1,0,77.0,22.0,0,42.0,6.0,0,22.0,2,0,73.0,16.0,31.0,13.0,0,7.0,0
2026-04-09,Thursday,4,15,No,Cloudy,No,start,14,0,1,1.5,10.0,13.0,0,5.0,24.0,0,1,9.0,0,37.0,4,0,8,26.0,3,14.0,4,10,0,2,0,1,56.0,24.0,0,43.0,5.0,0,28.0,2,0,112.0,20.0,51.0,13.0,0,12.0,1
2026-04-10,Friday,4,15,No,Rainy,No,start,23,0,1,1.0,13.0,21.0,1,0.0,57.0,0,0,5.0,0,52.0,6,2,7,50.0,2,35.0,4,7,1,3,8,0,109.0,20.0,0,67.0,10.0,2,52.0,7,1,61.0,16.0,34.0,26.0,0,6.0,0
2026-04-11,Saturday,4,15,Yes,Hot,No,middle,6,0,0,2.0,15.5,25.0,0,7.0,40.0,0,2,8.0,0,60.0,14,1,10,36.0,0,16.0,5,7,0,0,5,0,97.0,25.0,0,57.0,9.0,0,13.0,1,1,118.0,20.0,54.0,13.0,0,3.0,1
2026-04-12,Sunday,4,15,Yes,Hot,No,middle,13,0,1,2.0,6.5,4.0,0,3.0,42.0,0,0,6.0,0,51.0,11,2,13,26.0,0,15.0,0,0,0,1,5,0,86.5,20.0,0,80.0,9.0,1,37.0,2,0,18.0,17.0,76.0,16.0,1,11.0,1
2026-04-13,Monday,4,16,No,Hot,Yes,middle,8,0,0,0.0,7.5,0.0,0,0.0,0.0,0,1,0.0,0,0.0,0,0,0,0.0,0,0.0,0,0,0,0,0,0,0.0,9.0,0,0.0,0.0,0,28.0,0,0,0.0,0.0,0.0,0.0,0,0.0,1
2026-04-14,Tuesday,4,16,No,Cloudy,Yes,middle,8,0,0,2.0,11.5,8.0,4,3.0,69.0,1,4,8.0,0,64.0,7,0,6,50.0,1,34.0,0,3,0,1,0,0,75.0,11.0,0,78.0,3.0,0,55.0,8,2,88.0,36.0,82.0,32.0,0,8.0,3
2026-04-15,Wednesday,4,16,No,Rainy,No,middle,3,0,0,4.5,11.0,46.0,2,0.0,73.0,0,1,8.0,5,53.0,6,0,5,56.0,1,1.0,3,6,11,0,0,1,146.5,14.0,0,43.0,15.0,8,28.0,6,0,69.0,21.0,45.0,22.0,1,7.0,1
2026-04-16,Thursday,4,16,No,Cloudy,No,middle,10,0,1,2.5,15.0,27.0,0,3.0,37.0,2,0,11.0,0,65.0,11,5,9,14.0,1,39.0,0,12,0,1,0,0,89.0,27.0,0,50.0,15.0,0,40.0,2,1,173.0,22.0,88.0,38.0,0,6.0,2
2026-04-17,Friday,4,16,No,Rainy,No,middle,4,0,1,2.5,7.0,9.0,0,1.0,9.0,1,0,5.0,0,19.0,2,0,4,27.0,0,7.0,4,6,0,0,0,1,21.0,0.0,0,14.0,3.0,0,10.0,0,1,39.0,6.0,12.0,6.0,0,1.0,1
2026-04-18,Saturday,4,16,Yes,Hot,No,middle,23,1,2,3.0,10.5,39.0,0,1.0,72.0,0,1,10.0,0,64.0,28,2,20,51.0,1,32.0,3,13,0,0,3,2,113.5,24.0,0,90.0,22.0,2,37.0,3,2,43.0,23.0,86.0,23.0,0,4.0,1
2026-04-19,Sunday,4,16,Yes,Hot,No,middle,6,0,1,5.0,11.5,19.0,8,0.0,79.0,0,10,11.0,0,74.0,18,0,9,42.0,4,22.0,4,26,0,0,2,2,63.0,53.0,0,90.0,8.0,1,41.0,5,0,59.0,43.0,115.0,31.0,0,11.0,0
2026-04-20,Monday,4,17,No,Hot,No,middle,4,0,1,1.0,9.5,18.0,1,3.0,35.0,0,5,5.0,0,36.0,17,2,7,33.0,0,22.0,3,1,0,0,10,0,75.5,14.0,0,46.0,12.0,0,36.0,0,1,106.0,26.0,71.0,26.0,0,6.0,1
2026-04-21,Tuesday,4,17,No,Cloudy,No,end,6,0,0,2.0,14.5,14.0,1,6.0,29.0,0,0,9.0,0,51.0,14,3,8,51.0,2,27.0,3,13,0,1,0,2,69.5,22.0,0,57.0,3.0,0,26.0,1,0,83.0,24.0,46.0,14.0,0,4.0,1
2026-04-22,Wednesday,4,17,No,Rainy,No,end,3,0,1,2.5,13.0,15.0,0,5.0,26.0,0,1,8.0,0,52.0,16,8,3,25.0,1,19.0,3,6,0,2,0,1,82.5,18.0,0,62.0,5.0,5,31.0,1,0,59.0,25.0,90.0,20.0,0,5.0,1
2026-04-23,Thursday,4,17,No,Cloudy,No,end,9,0,0,1.0,12.5,19.0,3,7.0,41.0,0,2,5.0,0,47.0,18,2,5,35.0,2,23.0,2,5,0,1,0,1,60.0,13.0,1,73.0,18.0,3,41.0,3,0,102.0,29.0,66.0,17.0,0,4.0,1
2026-04-24,Friday,4,17,No,Rainy,No,end,3,0,0,2.0,10.5,17.0,0,3.0,28.0,2,5,48.0,0,40.0,15,0,14,9.0,2,28.0,4,9,0,2,5,0,61.0,13.0,0,56.0,9.0,5,21.0,0,5,19.0,15.0,54.0,12.0,0,1.0,1
2026-04-25,Saturday,4,17,Yes,Hot,No,end,9,0,3,1.5,12.0,16.0,0,3.0,27.0,0,0,8.0,0,53.0,15,6,8,26.0,4,34.0,5,9,0,3,0,2,71.0,24.0,0,61.0,13.0,2,40.0,4,1,97.0,27.0,81.0,22.0,0,5.0,0
2026-04-26,Sunday,4,17,Yes,Hot,No,end,4,0,1,2.0,14.5,33.0,1,0.0,37.0,0,0,8.0,0,51.0,5,0,2,12.0,0,14.0,0,15,0,1,0,1,69.0,19.0,0,67.0,11.0,0,37.0,0,1,66.0,20.0,70.0,19.0,0,4.0,1
2026-04-27,Monday,4,18,No,Hot,No,end,0,0,0,0.5,12.5,22.0,1,0.0,32.0,2,0,9.0,0,60.0,15,0,8,17.0,1,37.0,5,12,0,32,8,0,76.5,17.0,0,48.0,12.0,0,31.0,0,1,172.0,19.0,87.0,19.0,0,9.0,0
2026-04-28,Tuesday,4,18,No,Cloudy,No,end,4,0,1,4.5,14.5,9.0,0,5.0,37.0,1,6,14.0,0,76.0,19,1,14,14.0,6,39.0,0,2,0,2,0,0,80.0,23.0,0,55.0,9.0,0,32.0,0,0,149.0,14.0,60.0,28.0,0,3.0,1
2026-04-29,Wednesday,4,18,No,Rainy,No,end,3,0,1,3.5,14.5,15.0,0,6.0,34.0,0,0,8.0,0,39.0,18,8,3,25.0,1,17.0,4,6,0,0,0,0,94.5,20.0,0,65.0,5.0,4,45.0,1,0,61.0,35.0,107.0,23.0,0,5.0,1
2026-04-30,Thursday,4,18,No,Cloudy,No,end,16,1,0,5.5,12.5,26.0,0,2.0,71.0,0,0,5.0,0,64.0,22,0,7,68.0,1,31.0,4,11,0,0,0,0,116.0,20.0,0,49.0,13.0,4,43.0,3,0,61.0,25.0,96.0,16.0,0,4.0,0
2026-05-02,Saturday,5,18,Yes,Normal,No,start,0,0,0,0.0,0.0,0.0,0,0.0,0.0,0,0,0.0,0,0.0,0,0,0,0.0,0,0.0,0,0,0,0,0,0,0.0,5.0,0,0.0,0.0,0,0.0,0,0,0.0,0.0,0.0,0.0,0,0.0,0
